ticker_yahoo,tipo,strike,simbolo
COME.BA,call,33,COMC33.0OC
COME.BA,call,35,COMC35.0OC
COME.BA,call,37,COMC37.0OC
COME.BA,call,39,COMC39.0OC
COME.BA,call,41,COMC41.0OC
COME.BA,call,43,COMC43.0OC
COME.BA,call,45,COMC45.0OC
COME.BA,call,47,COMC47.0OC
COME.BA,call,49,COMC49.0OC
COME.BA,call,51,COMC51.0OC
COME.BA,call,53,COMC53.0OC
COME.BA,call,55,COMC55.0OC
COME.BA,call,57,COMC57.0OC
COME.BA,call,59,COMC59.0OC
COME.BA,call,61,COMC61.0OC
COME.BA,call,63,COMC63.0OC
COME.BA,call,65,COMC65.0OC
COME.BA,call,67,COMC67.0OC
COME.BA,call,69,COMC69.0OC
COME.BA,call,71,COMC71.0OC
COME.BA,put,33,COMV33.0OC
COME.BA,put,35,COMV35.0OC
COME.BA,put,37,COMV37.0OC
COME.BA,put,39,COMV39.0OC
COME.BA,put,41,COMV41.0OC
COME.BA,put,43,COMV43.0OC
COME.BA,put,45,COMV45.0OC
COME.BA,put,47,COMV47.0OC
COME.BA,put,49,COMV49.0OC
COME.BA,put,51,COMV51.0OC
COME.BA,put,53,COMV53.0OC
COME.BA,put,55,COMV55.0OC
COME.BA,put,57,COMV57.0OC
COME.BA,put,59,COMV59.0OC
COME.BA,put,61,COMV61.0OC
COME.BA,put,63,COMV63.0OC
COME.BA,put,65,COMV65.0OC
COME.BA,put,67,COMV67.0OC
COME.BA,put,69,COMV69.0OC
COME.BA,put,71,COMV71.0OC
GGAL.BA,call,6000,GFGC6000OC
GGAL.BA,call,6200,GFGC6200OC
GGAL.BA,call,6400,GFGC6400OC
GGAL.BA,call,6600,GFGC6600OC
GGAL.BA,call,6800,GFGC6800OC
GGAL.BA,call,7000,GFGC7000OC
GGAL.BA,call,7200,GFGC7200OC
GGAL.BA,call,7400,GFGC7400OC
GGAL.BA,call,7600,GFGC7600OC
GGAL.BA,call,7800,GFGC7800OC
GGAL.BA,call,8000,GFGC8000OC
GGAL.BA,call,8300,GFGC8300OC
GGAL.BA,call,8600,GFGC8600OC
GGAL.BA,call,8900,GFGC8900OC
GGAL.BA,call,9200,GFGC9200OC
GGAL.BA,call,9500,GFGC9500OC
GGAL.BA,call,9800,GFGC9800OC
GGAL.BA,call,9900,GFGC9900OC
GGAL.BA,call,10300,GFGC10300O
GGAL.BA,call,10700,GFGC10700O
GGAL.BA,call,11100,GFGC11100O
GGAL.BA,put,6000,GFGV6000OC
GGAL.BA,put,6200,GFGV6200OC
GGAL.BA,put,6400,GFGV6400OC
GGAL.BA,put,6600,GFGV6600OC
GGAL.BA,put,6800,GFGV6800OC
GGAL.BA,put,7000,GFGV7000OC
GGAL.BA,put,7200,GFGV7200OC
GGAL.BA,put,7400,GFGV7400OC
GGAL.BA,put,7600,GFGV7600OC
GGAL.BA,put,7800,GFGV7800OC
GGAL.BA,put,8000,GFGV8000OC
GGAL.BA,put,8300,GFGV8300OC
GGAL.BA,put,8600,GFGV8600OC
GGAL.BA,put,8900,GFGV8900OC
GGAL.BA,put,9200,GFGV9200OC
GGAL.BA,put,9500,GFGV9500OC
GGAL.BA,put,9800,GFGV9800OC
GGAL.BA,put,9900,GFGV9900OC
GGAL.BA,put,10300,GFGV10300O
GGAL.BA,put,10700,GFGV10700O
GGAL.BA,put,11100,GFGV11100O
YPFD.BA,call,61000,YPFC61000G
YPFD.BA,call,64000,YPFC64000G
YPFD.BA,call,67000,YPFC67000G
YPFD.BA,call,70000,YPFC70000G
YPFD.BA,call,73000,YPFC73000G
YPFD.BA,call,76000,YPFC76000G
YPFD.BA,call,79000,YPFC79000G
YPFD.BA,call,82000,YPFC82000G
YPFD.BA,call,85000,YPFC85000G
YPFD.BA,call,88000,YPFC88000G
YPFD.BA,call,91000,YPFC91000G
YPFD.BA,call,94000,YPFC94000G
YPFD.BA,put,61000,YPFV61000G
YPFD.BA,put,64000,YPFV64000G
YPFD.BA,put,67000,YPFV67000G
YPFD.BA,put,70000,YPFV70000G
YPFD.BA,put,73000,YPFV73000G
YPFD.BA,put,76000,YPFV76000G
YPFD.BA,put,79000,YPFV79000G
YPFD.BA,put,82000,YPFV82000G
YPFD.BA,put,85000,YPFV85000G
YPFD.BA,put,88000,YPFV88000G
YPFD.BA,put,91000,YPFV91000G
YPFD.BA,put,94000,YPFV94000G
PAMP.BA,call,3500,PAMC3500OC
PAMP.BA,call,3700,PAMC3700OC
PAMP.BA,call,3900,PAMC3900OC
PAMP.BA,call,4100,PAMC4100OC
PAMP.BA,call,4300,PAMC4300OC
PAMP.BA,call,4500,PAMC4500OC
PAMP.BA,call,4700,PAMC4700OC
PAMP.BA,call,5000,PAMC5000OC
PAMP.BA,call,5300,PAMC5300OC
PAMP.BA,call,5600,PAMC5600OC
PAMP.BA,call,5900,PAMC5900OC
PAMP.BA,call,6200,PAMC6200OC
PAMP.BA,call,6500,PAMC6500OC
PAMP.BA,put,3500,PAMV3500OC
PAMP.BA,put,3700,PAMV3700OC
PAMP.BA,put,3900,PAMV3900OC
PAMP.BA,put,4100,PAMV4100OC
PAMP.BA,put,4300,PAMV4300OC
PAMP.BA,put,4500,PAMV4500OC
PAMP.BA,put,4700,PAMV4700OC
PAMP.BA,put,5000,PAMV5000OC
PAMP.BA,put,5300,PAMV5300OC
PAMP.BA,put,5600,PAMV5600OC
PAMP.BA,put,5900,PAMV5900OC
PAMP.BA,put,6200,PAMV6200OC
PAMP.BA,put,6500,PAMV6500OC
